Gender,Height,Income
Woman,Tall,56332
Woman,Tall,53137
Woman,Tall,46219
Woman,Tall,46336
Woman,Tall,48655
Woman,Tall,54685
Woman,Tall,42126
Woman,Tall,49905
Woman,Tall,46553
Woman,Tall,56180
Woman,Tall,54662
Woman,Tall,48693
Woman,Tall,55152
Woman,Tall,59717
Woman,Tall,53956
Woman,Tall,38151
Woman,Tall,47825
Woman,Tall,53973
Woman,Tall,52454
Woman,Tall,60696
Woman,Tall,43668
Woman,Tall,47339
Woman,Tall,40667
Woman,Tall,50891
Woman,Tall,43176
Woman,Tall,48920
Woman,Tall,35770
Woman,Tall,51220
Woman,Tall,44389
Woman,Tall,50749
Woman,Tall,59382
Woman,Tall,47636
Woman,Tall,46020
Woman,Tall,54770
Woman,Tall,40552
Woman,Tall,36499
Woman,Tall,51650
Woman,Tall,42137
Woman,Tall,53312
Woman,Tall,49552
Woman,Tall,50806
Woman,Tall,34935
Woman,Tall,48859
Woman,Tall,47410
Woman,Tall,60962
Woman,Tall,51676
Woman,Tall,49737
Woman,Tall,58958
Woman,Tall,71699
Woman,Tall,50957
Woman,Tall,45725
Woman,Tall,52456
Woman,Tall,60220
Woman,Tall,51098
Woman,Tall,52126
Woman,Tall,63380
Woman,Tall,58639
Woman,Tall,54615
Woman,Tall,47268
Woman,Tall,45830
Woman,Tall,54272
Woman,Tall,53514
Woman,Tall,52614
Woman,Tall,52258
Woman,Tall,38556
Woman,Tall,72560
Woman,Tall,58130
Woman,Tall,36709
Woman,Tall,51598
Woman,Tall,43915
Woman,Tall,38791
Woman,Tall,44512
Woman,Tall,54671
Woman,Tall,56579
Woman,Tall,43985
Woman,Tall,53586
Woman,Tall,51081
Woman,Tall,49204
Woman,Tall,52457
Woman,Tall,41268
Woman,Tall,51639
Woman,Tall,41131
Woman,Tall,50291
Woman,Tall,39448
Woman,Tall,35048
Woman,Tall,58924
Woman,Tall,44289
Woman,Tall,58061
Woman,Tall,59995
Woman,Tall,60115
Woman,Tall,46796
Woman,Tall,46694
Woman,Tall,49218
Woman,Tall,49357
Woman,Tall,43764
Woman,Tall,49002
Woman,Tall,46991
Woman,Tall,37651
Woman,Tall,46744
Woman,Tall,60539
Woman,Tall,68104
Woman,Tall,55655
Woman,Tall,66080
Woman,Tall,41497
Woman,Tall,50622
Woman,Tall,50563
Woman,Tall,53306
Woman,Tall,38990
Woman,Tall,50492
Woman,Tall,39416
Woman,Tall,41927
Woman,Tall,50567
Woman,Tall,48002
Woman,Tall,60367
Woman,Tall,55843
Woman,Tall,53370
Woman,Tall,54199
Woman,Tall,37051
Woman,Tall,51784
Woman,Tall,45573
Woman,Tall,62996
Woman,Tall,44594
Woman,Tall,58247
Woman,Tall,56235
Woman,Tall,48301
Woman,Tall,51918
Woman,Tall,45909
Woman,Tall,37938
Woman,Tall,59011
Woman,Tall,49520
Woman,Tall,44013
Woman,Tall,56644
Woman,Tall,48860
Woman,Tall,48065
Woman,Tall,46407
Woman,Tall,58878
Woman,Tall,40177
Woman,Tall,49526
Woman,Tall,53510
Woman,Tall,40677
Woman,Tall,43323
Woman,Tall,44811
Woman,Tall,63909
Woman,Tall,51644
Woman,Tall,48904
Woman,Tall,56973
Woman,Tall,71648
Woman,Tall,52373
Woman,Tall,55575
Woman,Tall,57273
Woman,Tall,58212
Woman,Tall,35989
Woman,Tall,41791
Woman,Tall,43578
Woman,Tall,47344
Woman,Tall,49613
Woman,Tall,65973
Woman,Tall,44260
Woman,Tall,44214
Woman,Tall,49631
Woman,Tall,38938
Woman,Tall,62855
Woman,Tall,65692
Woman,Tall,74027
Woman,Tall,38435
Woman,Tall,49997
Woman,Tall,50348
Woman,Tall,39265
Woman,Tall,43827
Woman,Tall,48161
Woman,Tall,45457
Woman,Tall,51309
Woman,Tall,44587
Woman,Tall,52730
Woman,Tall,50674
Woman,Tall,43521
Woman,Tall,56020
Woman,Tall,56457
Woman,Tall,52124
Woman,Tall,59513
Woman,Tall,58201
Woman,Tall,42552
Woman,Tall,36855
Woman,Tall,39013
Woman,Tall,57854
Woman,Tall,42865
Woman,Tall,50980
Woman,Tall,48578
Woman,Tall,48284
Woman,Tall,54042
Woman,Tall,47941
Woman,Tall,41572
Woman,Tall,40735
Woman,Tall,52975
Woman,Tall,56727
Woman,Tall,53314
Woman,Tall,38529
Woman,Tall,52156
Woman,Tall,50351
Woman,Tall,43286
Woman,Tall,48270
Woman,Tall,47205
Woman,Tall,50150
Woman,Tall,49129
Woman,Tall,51285
Woman,Tall,60967
Woman,Tall,60874
Woman,Tall,53650
Woman,Tall,56073
Woman,Tall,51442
Woman,Tall,32439
Woman,Tall,47547
Woman,Tall,64396
Woman,Tall,61189
Woman,Tall,45926
Woman,Tall,44297
Woman,Tall,52511
Woman,Tall,52876
Woman,Tall,57888
Woman,Tall,51964
Woman,Tall,41270
Woman,Tall,52542
Woman,Tall,55170
Woman,Tall,67746
Woman,Tall,49722
Woman,Tall,54329
Woman,Tall,52715
Woman,Tall,42584
Woman,Tall,52116
Woman,Tall,51416
Woman,Tall,50490
Woman,Tall,41302
Woman,Tall,57055
Woman,Tall,59403
Woman,Tall,58563
Woman,Tall,47205
Woman,Tall,45949
Woman,Tall,51440
Woman,Tall,48103
Woman,Tall,60327
Woman,Tall,47098
Woman,Tall,53750
Woman,Tall,42758
Woman,Tall,49572
Woman,Tall,43265
Woman,Tall,55151
Woman,Tall,41809
Woman,Tall,59793
Woman,Tall,49344
Woman,Tall,54818
Woman,Tall,52184
Woman,Tall,49162
Woman,Tall,34926
Woman,Tall,49273
Woman,Tall,46157
Woman,Tall,57196
Woman,Tall,44164
Woman,Tall,58028
Woman,Tall,49850
Woman,Tall,56339
Woman,Tall,51352
Woman,Tall,56534
Woman,Tall,52258
Woman,Tall,60425
Woman,Tall,45915
Woman,Tall,45725
Woman,Tall,44376
Woman,Tall,50417
Woman,Tall,45103
Woman,Tall,55948
Woman,Tall,49006
Woman,Tall,51907
Woman,Tall,51768
Woman,Tall,47193
Woman,Tall,46154
Woman,Tall,62061
Woman,Tall,64572
Woman,Tall,47564
Woman,Tall,57857
Woman,Tall,47508
Woman,Tall,68824
Woman,Tall,47764
Woman,Tall,71727
Woman,Tall,64737
Woman,Tall,31621
Woman,Tall,54301
Woman,Tall,64469
Woman,Tall,51192
Woman,Tall,46564
Woman,Tall,53232
Woman,Tall,43056
Woman,Tall,47513
Woman,Tall,54801
Woman,Tall,53329
Woman,Tall,43384
Woman,Tall,49569
Woman,Tall,61889
Woman,Tall,45835
Woman,Tall,50161
Woman,Tall,48005
Woman,Tall,68532
Woman,Tall,53439
Woman,Tall,55388
Woman,Tall,59107
Woman,Tall,52559
Woman,Tall,56112
Woman,Tall,51079
Woman,Tall,54580
Woman,Tall,60375
Woman,Tall,40312
Woman,Tall,48365
Woman,Tall,56074
Woman,Tall,51967
Woman,Tall,52448
Woman,Tall,59049
Woman,Tall,44772
Woman,Tall,30767
Woman,Tall,48281
Woman,Tall,49524
Woman,Tall,51006
Woman,Tall,47503
Woman,Tall,56786
Woman,Tall,50742
Woman,Tall,46509
Woman,Tall,57484
Woman,Tall,50412
Woman,Tall,42781
Woman,Tall,42078
Woman,Tall,53119
Woman,Tall,62928
Woman,Tall,58276
Woman,Tall,60272
Woman,Tall,45144
Woman,Tall,45979
Woman,Tall,62002
Woman,Tall,41029
Woman,Tall,50773
Woman,Tall,62421
Woman,Tall,49269
Woman,Tall,52445
Woman,Tall,43605
Woman,Tall,52254
Woman,Tall,58009
Woman,Tall,47414
Woman,Tall,42117
Woman,Tall,54838
Woman,Tall,40055
Woman,Tall,48252
Woman,Tall,48486
Woman,Tall,48306
Woman,Tall,29725
Woman,Tall,56395
Woman,Tall,50687
Woman,Tall,39721
Woman,Tall,49634
Woman,Tall,49642
Woman,Tall,69027
Woman,Tall,60117
Woman,Tall,48671
Woman,Tall,45296
Woman,Tall,55145
Woman,Tall,43974
Woman,Tall,59282
Woman,Tall,36200
Woman,Tall,60792
Woman,Tall,54113
Woman,Tall,41607
Woman,Tall,42920
Woman,Tall,49972
Woman,Tall,47100
Woman,Tall,44291
Woman,Tall,44954
Woman,Tall,52864
Woman,Tall,50469
Woman,Tall,50978
Woman,Tall,53401
Woman,Tall,48704
Woman,Tall,56193
Woman,Tall,48940
Woman,Tall,39686
Woman,Tall,59360
Woman,Tall,41399
Woman,Tall,29052
Woman,Tall,45643
Woman,Tall,44759
Woman,Tall,49077
Woman,Tall,32512
Woman,Tall,48052
Woman,Tall,46727
Woman,Tall,48323
Woman,Tall,43596
Woman,Tall,50190
Woman,Tall,56759
Woman,Tall,54806
Woman,Tall,35184
Woman,Tall,56041
Woman,Tall,51281
Woman,Tall,54620
Woman,Tall,54368
Woman,Tall,41015
Woman,Tall,46546
Woman,Tall,51263
Woman,Tall,39376
Woman,Tall,49012
Woman,Tall,42521
Woman,Tall,50715
Woman,Tall,54970
Woman,Tall,57361
Woman,Tall,52281
Woman,Tall,52632
Woman,Tall,47454
Woman,Tall,53206
Woman,Tall,47367
Woman,Tall,51401
Woman,Tall,45013
Woman,Tall,26816
Woman,Tall,56173
Woman,Tall,39143
Woman,Tall,52934
Woman,Tall,42814
Woman,Tall,48575
Woman,Tall,55031
Woman,Tall,52040
Woman,Tall,45115
Woman,Tall,40282
Woman,Tall,55909
Woman,Tall,60057
Woman,Tall,47618
Woman,Tall,44783
Woman,Tall,67821
Woman,Tall,48850
Woman,Tall,40296
Woman,Tall,41368
Woman,Tall,63217
Woman,Tall,48497
Woman,Tall,40814
Woman,Tall,47266
Woman,Tall,57898
Woman,Tall,48785
Woman,Tall,52336
Woman,Tall,63053
Woman,Tall,35207
Woman,Tall,44300
Woman,Tall,49957
Woman,Tall,45610
Woman,Tall,53187
Woman,Tall,55936
Woman,Tall,42706
Woman,Tall,43445
Woman,Tall,57585
Woman,Tall,40111
Woman,Tall,44554
Woman,Tall,36223
Woman,Tall,56693
Woman,Tall,48992
Woman,Tall,57893
Woman,Tall,60932
Woman,Tall,63896
Woman,Tall,53644
Woman,Tall,61907
Woman,Tall,55576
Woman,Tall,64213
Woman,Tall,56028
Woman,Tall,42336
Woman,Tall,43859
Woman,Tall,54947
Woman,Tall,44694
Woman,Tall,42157
Woman,Tall,42209
Woman,Tall,47030
Woman,Tall,50502
Woman,Tall,46498
Woman,Tall,42856
Woman,Tall,57726
Woman,Tall,52041
Woman,Tall,40925
Woman,Tall,66439
Woman,Tall,45648
Woman,Tall,67250
Woman,Tall,50643
Woman,Tall,55462
Woman,Tall,43676
Woman,Tall,40075
Woman,Tall,35640
Woman,Tall,58003
Woman,Tall,53309
Woman,Tall,48362
Woman,Tall,52946
Woman,Tall,35535
Woman,Tall,41084
Woman,Tall,46468
Woman,Tall,42039
Woman,Tall,46149
Woman,Tall,44728
Woman,Tall,47738
Woman,Tall,33656
Woman,Tall,46799
Woman,Tall,49767
Woman,Tall,41232
Woman,Tall,41748
Woman,Tall,57381
Woman,Tall,35714
Woman,Tall,55305
Woman,Tall,64377
Woman,Tall,48408
Woman,Tall,52106
Woman,Tall,57220
Woman,Tall,53660
Woman,Tall,47627
Woman,Tall,51503
Woman,Tall,57421
Woman,Tall,39209
Woman,Tall,44983
Woman,Tall,56366
Woman,Tall,54937
Woman,Tall,43485
Woman,Tall,50925
Woman,Tall,42991
Woman,Tall,52511
Woman,Tall,47287
Woman,Tall,38829
Woman,Tall,50177
Woman,Tall,59101
Woman,Tall,39755
Woman,Tall,52785
Woman,Tall,63228
Woman,Tall,53164
Woman,Tall,52743
Woman,Tall,51124
Woman,Tall,48291
Woman,Tall,47763
Woman,Tall,47942
Woman,Tall,38944
Woman,Tall,56203
Woman,Tall,41935
Woman,Tall,43564
Woman,Tall,44966
Woman,Tall,38835
Woman,Tall,40863
Woman,Tall,57343
Woman,Tall,60711
Woman,Tall,48782
Woman,Tall,53672
Woman,Tall,52910
Woman,Tall,57232
Woman,Tall,52428
Woman,Tall,77491
Woman,Tall,43546
Woman,Tall,43929
Woman,Tall,40456
Woman,Tall,58033
Woman,Tall,51049
Woman,Tall,46402
Woman,Tall,60037
Woman,Tall,39256
Woman,Tall,59177
Woman,Tall,54335
Woman,Tall,43311
Woman,Tall,49114
Woman,Tall,72970
Woman,Tall,47928
Woman,Tall,65522
Woman,Tall,52375
Woman,Tall,53606
Woman,Tall,37724
Woman,Tall,57021
Woman,Tall,52020
Woman,Tall,58979
Woman,Tall,56084
Woman,Tall,60167
Woman,Tall,49841
Woman,Tall,38873
Woman,Tall,30469
Woman,Tall,43191
Woman,Tall,45051
Woman,Tall,36534
Woman,Tall,70815
Woman,Tall,58958
Woman,Tall,37977
Woman,Tall,43797
Woman,Tall,56536
Woman,Tall,53559
Woman,Tall,44618
Woman,Tall,61794
Woman,Tall,50864
Woman,Tall,41796
Woman,Tall,38156
Woman,Tall,41065
Woman,Tall,41392
Woman,Tall,44408
Woman,Tall,52637
Woman,Tall,49155
Woman,Tall,40415
Woman,Tall,40034
Woman,Tall,36707
Woman,Tall,50429
Woman,Tall,56223
Woman,Tall,56181
Woman,Tall,42926
Woman,Tall,54211
Woman,Tall,54625
Woman,Tall,40805
Woman,Tall,51679
Woman,Tall,39498
Woman,Tall,41900
Woman,Tall,52680
Woman,Tall,49305
Woman,Tall,51488
Woman,Tall,44830
Woman,Tall,55398
Woman,Tall,48577
Woman,Tall,30605
Woman,Tall,50381
Woman,Tall,54654
Woman,Tall,57084
Woman,Tall,51975
Woman,Tall,58751
Woman,Tall,49787
Woman,Tall,56328
Woman,Tall,63678
Woman,Tall,45047
Woman,Tall,53842
Woman,Tall,54357
Woman,Tall,57938
Woman,Tall,47933
Woman,Tall,61119
Woman,Tall,45176
Woman,Tall,48139
Woman,Tall,42704
Woman,Tall,47034
Woman,Tall,45851
Woman,Tall,59234
Woman,Tall,51862
Woman,Tall,50584
Woman,Tall,46886
Woman,Tall,59017
Woman,Tall,46109
Woman,Tall,58413
Woman,Tall,41051
Woman,Tall,52659
Woman,Tall,55872
Woman,Tall,64173
Woman,Tall,42588
Woman,Tall,44131
Woman,Tall,35674
Woman,Tall,41227
Woman,Tall,60459
Woman,Tall,44970
Woman,Tall,64407
Woman,Tall,58499
Woman,Tall,64756
Woman,Tall,37093
Woman,Tall,46046
Woman,Tall,46586
Woman,Tall,46264
Woman,Tall,56914
Woman,Tall,46345
Woman,Tall,54433
Woman,Tall,46702
Woman,Tall,51260
Woman,Tall,47697
Woman,Tall,40280
Woman,Tall,49791
Woman,Tall,47161
Woman,Tall,48286
Woman,Tall,50858
Woman,Tall,55214
Woman,Tall,49168
Woman,Tall,43593
Woman,Tall,55516
Woman,Tall,35843
Woman,Tall,48571
Woman,Tall,32025
Woman,Tall,63814
Woman,Tall,35181
Woman,Tall,54870
Woman,Tall,59468
Woman,Tall,48025
Woman,Tall,52710
Woman,Tall,51055
Woman,Tall,57152
Woman,Tall,58258
Woman,Tall,57784
Woman,Tall,44060
Woman,Tall,61210
Woman,Tall,56803
Woman,Tall,37756
Woman,Tall,38119
Woman,Tall,56152
Woman,Tall,47814
Woman,Tall,54855
Woman,Tall,53193
Woman,Tall,48247
Woman,Tall,69434
Woman,Tall,60177
Woman,Tall,47709
Woman,Tall,48989
Woman,Tall,47248
Woman,Tall,47015
Woman,Tall,57220
Woman,Tall,47982
Woman,Tall,51993
Woman,Tall,35941
Woman,Tall,57508
Woman,Tall,44247
Woman,Tall,53244
Woman,Tall,41763
Woman,Tall,42782
Woman,Tall,27840
Woman,Tall,52509
Woman,Tall,48028
Woman,Tall,41602
Woman,Tall,47777
Woman,Tall,52465
Woman,Tall,43178
Woman,Tall,62308
Woman,Tall,48217
Woman,Tall,48970
Woman,Tall,46753
Woman,Tall,41592
Woman,Tall,48210
Woman,Tall,64762
Woman,Tall,46780
Woman,Tall,53392
Woman,Tall,37268
Woman,Tall,46033
Woman,Tall,54279
Woman,Tall,48302
Woman,Tall,49459
Woman,Tall,58677
Woman,Tall,61373
Woman,Tall,51186
Woman,Tall,66844
Woman,Tall,50727
Woman,Tall,52993
Woman,Tall,60837
Woman,Tall,50591
Woman,Tall,44918
Woman,Tall,42901
Woman,Tall,51594
Woman,Tall,53082
Woman,Tall,34698
Woman,Tall,54733
Woman,Tall,59424
Woman,Tall,46326
Woman,Tall,49024
Woman,Tall,57645
Woman,Tall,50785
Woman,Tall,44851
Woman,Tall,61262
Man,Tall,33750
Man,Tall,54036
Man,Tall,57248
Man,Tall,40524
Man,Tall,51121
Man,Tall,44510
Man,Tall,47974
Man,Tall,63696
Man,Tall,49869
Man,Tall,54582
Man,Tall,56929
Man,Tall,55811
Man,Tall,75070
Man,Tall,54172
Man,Tall,55948
Man,Tall,39726
Man,Tall,47157
Man,Tall,47040
Man,Tall,57630
Man,Tall,39499
Man,Tall,47964
Man,Tall,56625
Man,Tall,55617
Man,Tall,63600
Man,Tall,33497
Man,Tall,56172
Man,Tall,48203
Man,Tall,65870
Man,Tall,56434
Man,Tall,52805
Man,Tall,47444
Man,Tall,54340
Man,Tall,39952
Man,Tall,63739
Man,Tall,43371
Man,Tall,43650
Man,Tall,61045
Man,Tall,49999
Man,Tall,57344
Man,Tall,65314
Man,Tall,55290
Man,Tall,48379
Man,Tall,55997
Man,Tall,61081
Man,Tall,37058
Man,Tall,47384
Man,Tall,51412
Man,Tall,49826
Man,Tall,57244
Man,Tall,61601
Man,Tall,44249
Man,Tall,56802
Man,Tall,45922
Man,Tall,63616
Man,Tall,55657
Man,Tall,38051
Man,Tall,56368
Man,Tall,43087
Man,Tall,52202
Man,Tall,60193
Man,Tall,51121
Man,Tall,52584
Man,Tall,51506
Man,Tall,40384
Man,Tall,43680
Man,Tall,47274
Man,Tall,56618
Man,Tall,52514
Man,Tall,53136
Man,Tall,65110
Man,Tall,54006
Man,Tall,41405
Man,Tall,69909
Man,Tall,44841
Man,Tall,49245
Man,Tall,50021
Man,Tall,50068
Man,Tall,67554
Man,Tall,67277
Man,Tall,51930
Man,Tall,40507
Man,Tall,48583
Man,Tall,50792
Man,Tall,50600
Man,Tall,59423
Man,Tall,46847
Man,Tall,55826
Man,Tall,60215
Man,Tall,63508
Man,Tall,46219
Man,Tall,66208
Man,Tall,57042
Man,Tall,40262
Man,Tall,51927
Man,Tall,59165
Man,Tall,50614
Man,Tall,42262
Man,Tall,65168
Man,Tall,75336
Man,Tall,36927
Man,Tall,42925
Man,Tall,52326
Man,Tall,63579
Man,Tall,53191
Man,Tall,59200
Man,Tall,55339
Man,Tall,46455
Man,Tall,63896
Man,Tall,41637
Man,Tall,38357
Man,Tall,66116
Man,Tall,59238
Man,Tall,46850
Man,Tall,57670
Man,Tall,47681
Man,Tall,47709
Man,Tall,64506
Man,Tall,48057
Man,Tall,52636
Man,Tall,43008
Man,Tall,55341
Man,Tall,54675
Man,Tall,56118
Man,Tall,50636
Man,Tall,47673
Man,Tall,67550
Man,Tall,57767
Man,Tall,54795
Man,Tall,56273
Man,Tall,48846
Man,Tall,55956
Man,Tall,48368
Man,Tall,56244
Man,Tall,46724
Man,Tall,47618
Man,Tall,62509
Man,Tall,43864
Man,Tall,50028
Man,Tall,53562
Man,Tall,54750
Man,Tall,50620
Man,Tall,71531
Man,Tall,60156
Man,Tall,34105
Man,Tall,61818
Man,Tall,52588
Man,Tall,49256
Man,Tall,57290
Man,Tall,60644
Man,Tall,61490
Man,Tall,56217
Man,Tall,32790
Man,Tall,62125
Man,Tall,63009
Man,Tall,58854
Man,Tall,52357
Man,Tall,54488
Man,Tall,67926
Man,Tall,59363
Man,Tall,58383
Man,Tall,34299
Man,Tall,68110
Man,Tall,48405
Man,Tall,64991
Man,Tall,56027
Man,Tall,51604
Man,Tall,52639
Man,Tall,60401
Man,Tall,63574
Man,Tall,62883
Man,Tall,47044
Man,Tall,47598
Man,Tall,63766
Man,Tall,51272
Man,Tall,54047
Man,Tall,54837
Man,Tall,56170
Man,Tall,54825
Man,Tall,57773
Man,Tall,42667
Man,Tall,47687
Man,Tall,41639
Man,Tall,43140
Man,Tall,52978
Man,Tall,52038
Man,Tall,58320
Man,Tall,76535
Man,Tall,59665
Man,Tall,55012
Man,Tall,54033
Man,Tall,61722
Man,Tall,58039
Man,Tall,53175
Man,Tall,44700
Man,Tall,38376
Man,Tall,59908
Man,Tall,44449
Man,Tall,50622
Man,Tall,39243
Man,Tall,35994
Man,Tall,36408
Man,Tall,43661
Man,Tall,54072
Man,Tall,50001
Man,Tall,57685
Man,Tall,55146
Man,Tall,48260
Man,Tall,52843
Man,Tall,43662
Man,Tall,56628
Man,Tall,52448
Man,Tall,65409
Man,Tall,50489
Man,Tall,60581
Man,Tall,54456
Man,Tall,57893
Man,Tall,72297
Man,Tall,60025
Man,Tall,51419
Man,Tall,59318
Man,Tall,52157
Man,Tall,47267
Man,Tall,55460
Man,Tall,62940
Man,Tall,47126
Man,Tall,50270
Man,Tall,33494
Man,Tall,56646
Man,Tall,55951
Man,Tall,53590
Man,Tall,65218
Man,Tall,52289
Man,Tall,57733
Man,Tall,47368
Man,Tall,39777
Man,Tall,56735
Man,Tall,42769
Man,Tall,46202
Man,Tall,66271
Man,Tall,52938
Man,Tall,59193
Man,Tall,47766
Man,Tall,39425
Man,Tall,42339
Man,Tall,61176
Man,Tall,51414
Man,Tall,66541
Man,Tall,51378
Man,Tall,59709
Man,Tall,47157
Man,Tall,64046
Man,Tall,43372
Man,Tall,47578
Man,Tall,53056
Man,Tall,50368
Man,Tall,60451
Man,Tall,53082
Man,Tall,58849
Man,Tall,75509
Man,Tall,51992
Man,Tall,44379
Man,Tall,62960
Man,Tall,43342
Man,Tall,70691
Man,Tall,49253
Man,Tall,53232
Man,Tall,58822
Man,Tall,39854
Man,Tall,50442
Man,Tall,45743
Man,Tall,51358
Man,Tall,51681
Man,Tall,59103
Man,Tall,66630
Man,Tall,64950
Man,Tall,42268
Man,Tall,58359
Man,Tall,38524
Man,Tall,46729
Man,Tall,41604
Man,Tall,51033
Man,Tall,36900
Man,Tall,59726
Man,Tall,50135
Man,Tall,65215
Man,Tall,52755
Man,Tall,49472
Man,Tall,38701
Man,Tall,57853
Man,Tall,59293
Man,Tall,53781
Man,Tall,39343
Man,Tall,67189
Man,Tall,52269
Man,Tall,44907
Man,Tall,59397
Man,Tall,51530
Man,Tall,67116
Man,Tall,54914
Man,Tall,57746
Man,Tall,51349
Man,Tall,42727
Man,Tall,40007
Man,Tall,53396
Man,Tall,49238
Man,Tall,47557
Man,Tall,55938
Man,Tall,62979
Man,Tall,61867
Man,Tall,41226
Man,Tall,49485
Man,Tall,55709
Man,Tall,66716
Man,Tall,39648
Man,Tall,31281
Man,Tall,48738
Man,Tall,63171
Man,Tall,40577
Man,Tall,58910
Man,Tall,53654
Man,Tall,66888
Man,Tall,61432
Man,Tall,48669
Man,Tall,47021
Man,Tall,67271
Man,Tall,48831
Man,Tall,63128
Man,Tall,57941
Man,Tall,35343
Man,Tall,53515
Man,Tall,55571
Man,Tall,45202
Man,Tall,52414
Man,Tall,48847
Man,Tall,48868
Man,Tall,37706
Man,Tall,44463
Man,Tall,61062
Man,Tall,47546
Man,Tall,41026
Man,Tall,66289
Man,Tall,52862
Man,Tall,41603
Man,Tall,63456
Man,Tall,46381
Man,Tall,46592
Man,Tall,54743
Man,Tall,48704
Man,Tall,53881
Man,Tall,57171
Man,Tall,47530
Man,Tall,54409
Man,Tall,59958
Man,Tall,43610
Man,Tall,51241
Man,Tall,58372
Man,Tall,57276
Man,Tall,61422
Man,Tall,6e4
Man,Tall,46235
Man,Tall,66041
Man,Tall,48686
Man,Tall,60244
Man,Tall,59916
Man,Tall,58435
Man,Tall,62577
Man,Tall,60777
Man,Tall,51513
Man,Tall,56812
Man,Tall,51463
Man,Tall,66081
Man,Tall,51305
Man,Tall,51640
Man,Tall,61629
Man,Tall,58893
Man,Tall,54164
Man,Tall,57931
Man,Tall,50484
Man,Tall,55519
Man,Tall,58712
Man,Tall,45648
Man,Tall,58495
Man,Tall,51930
Man,Tall,39855
Man,Tall,55471
Man,Tall,57702
Man,Tall,47991
Man,Tall,58648
Man,Tall,51489
Man,Tall,59561
Man,Tall,51428
Man,Tall,62557
Man,Tall,43173
Man,Tall,53407
Man,Tall,62170
Man,Tall,59906
Man,Tall,41608
Man,Tall,63067
Man,Tall,64817
Man,Tall,37001
Man,Tall,54323
Man,Tall,44228
Man,Tall,56254
Man,Tall,55007
Man,Tall,53045
Man,Tall,64274
Man,Tall,63529
Man,Tall,62419
Man,Tall,56539
Man,Tall,45343
Man,Tall,50477
Man,Tall,47648
Man,Tall,54964
Man,Tall,62450
Man,Tall,50079
Man,Tall,55061
Man,Tall,61054
Man,Tall,44885
Man,Tall,41341
Man,Tall,54614
Man,Tall,43870
Man,Tall,55184
Man,Tall,47635
Man,Tall,61054
Man,Tall,57576
Man,Tall,57591
Man,Tall,43468
Man,Tall,49882
Man,Tall,48255
Man,Tall,46530
Man,Tall,54895
Man,Tall,62100
Man,Tall,38489
Man,Tall,60549
Man,Tall,50146
Man,Tall,56810
Man,Tall,51435
Man,Tall,59406
Man,Tall,54714
Man,Tall,42548
Man,Tall,53281
Man,Tall,49307
Man,Tall,61550
Man,Tall,64047
Man,Tall,41054
Man,Tall,51879
Man,Tall,37076
Man,Tall,50030
Man,Tall,58956
Man,Tall,53485
Man,Tall,58319
Man,Tall,52204
Man,Tall,55833
Man,Tall,65877
Man,Tall,56560
Man,Tall,52165
Man,Tall,42569
Man,Tall,51098
Man,Tall,56208
Man,Tall,58414
Man,Tall,67274
Man,Tall,47959
Man,Tall,53920
Man,Tall,60897
Man,Tall,56564
Man,Tall,52017
Man,Tall,61391
Man,Tall,58250
Man,Tall,56764
Man,Tall,57079
Man,Tall,58125
Man,Tall,52014
Man,Tall,63886
Man,Tall,66102
Man,Tall,65066
Man,Tall,50408
Man,Tall,48018
Man,Tall,49496
Man,Tall,53128
Man,Tall,68066
Man,Tall,57681
Man,Tall,61901
Man,Tall,63680
Man,Tall,64822
Man,Tall,46909
Man,Tall,51737
Man,Tall,52260
Man,Tall,60869
Man,Tall,46699
Man,Tall,50807
Man,Tall,50078
Man,Tall,50735
Man,Tall,54478
Man,Tall,61179
Man,Tall,66249
Man,Tall,58035
Man,Tall,57300
Man,Tall,45681
Man,Tall,46435
Man,Tall,50959
Man,Tall,46846
Man,Tall,54713
Man,Tall,47947
Man,Tall,51063
Man,Tall,67146
Man,Tall,44706
Man,Tall,52840
Man,Tall,35236
Man,Tall,50542
Man,Tall,47558
Man,Tall,45201
Man,Tall,44914
Man,Tall,48781
Man,Tall,44257
Man,Tall,61742
Man,Tall,60758
Man,Tall,38466
Man,Tall,43365
Man,Tall,46061
Man,Tall,50430
Man,Tall,53982
Man,Tall,54793
Man,Tall,26962
Man,Tall,41448
Man,Tall,45804
Man,Tall,53688
Man,Tall,67914
Man,Tall,45043
Man,Tall,55076
Man,Tall,61423
Man,Tall,33633
Man,Tall,50913
Man,Tall,50607
Man,Tall,51468
Man,Tall,44623
Man,Tall,42782
Man,Tall,52170
Man,Tall,55925
Man,Tall,56836
Man,Tall,51155
Man,Tall,40196
Man,Tall,69120
Man,Tall,69253
Man,Tall,52793
Man,Tall,48440
Man,Tall,51524
Man,Tall,69173
Man,Tall,47738
Man,Tall,46351
Man,Tall,51434
Man,Tall,38322
Man,Tall,63945
Man,Tall,37391
Man,Tall,40728
Man,Tall,58485
Man,Tall,33693
Man,Tall,49746
Man,Tall,60699
Man,Tall,50577
Man,Tall,47591
Man,Tall,61693
Man,Tall,51549
Man,Tall,55310
Man,Tall,49666
Man,Tall,37748
Man,Tall,45062
Man,Tall,46814
Man,Tall,50968
Man,Tall,62627
Man,Tall,62047
Man,Tall,33190
Man,Tall,52522
Man,Tall,62713
Man,Tall,57709
Man,Tall,53156
Man,Tall,47924
Man,Tall,53182
Man,Tall,44148
Man,Tall,46782
Man,Tall,49966
Man,Tall,56616
Man,Tall,62131
Man,Tall,45645
Man,Tall,72256
Man,Tall,69363
Man,Tall,51511
Man,Tall,68429
Man,Tall,58079
Man,Tall,54620
Man,Tall,45076
Man,Tall,44287
Man,Tall,28662
Man,Tall,56645
Man,Tall,42768
Man,Tall,45720
Man,Tall,74016
Man,Tall,42102
Man,Tall,39984
Man,Tall,61222
Man,Tall,60699
Man,Tall,39269
Man,Tall,44338
Man,Tall,50161
Man,Tall,58426
Man,Tall,62078
Man,Tall,51773
Man,Tall,47016
Man,Tall,44348
Man,Tall,51592
Man,Tall,48838
Man,Tall,51133
Man,Tall,20310
Man,Tall,41377
Man,Tall,54645
Man,Tall,50602
Man,Tall,61568
Man,Tall,49795
Man,Tall,56530
Man,Tall,54762
Man,Tall,61884
Man,Tall,57335
Man,Tall,62700
Man,Tall,38139
Man,Tall,57272
Man,Tall,41890
Man,Tall,43077
Man,Tall,54743
Man,Tall,53705
Man,Tall,64738
Man,Tall,54814
Man,Tall,38085
Man,Tall,35452
Man,Tall,40568
Man,Tall,54785
Man,Tall,65184
Man,Tall,55929
Man,Tall,59981
Man,Tall,46345
Man,Tall,46600
Man,Tall,54896
Man,Tall,51731
Man,Tall,28398
Man,Tall,60569
Man,Tall,42992
Man,Tall,42682
Man,Tall,49648
Man,Tall,45062
Man,Tall,56014
Man,Tall,38562
Man,Tall,55678
Man,Tall,58374
Man,Tall,59090
Man,Tall,67834
Man,Tall,44311
Man,Tall,47382
Man,Tall,58126
Man,Tall,47480
Man,Tall,46436
Man,Tall,59006
Man,Tall,47556
Man,Tall,57485
Man,Tall,53323
Man,Tall,63375
Man,Tall,49984
Man,Tall,45838
Man,Tall,58904
Man,Tall,52948
Man,Tall,72973
Man,Tall,47252
Man,Tall,53163
Man,Tall,51871
Man,Tall,51249
Man,Tall,50623
Man,Tall,51026
Man,Tall,60459
Man,Tall,51769
Man,Tall,51445
Man,Tall,44719
Man,Tall,45006
Man,Tall,58433
Man,Tall,54767
Man,Tall,60419
Man,Tall,47337
Man,Tall,51847
Man,Tall,41424
Man,Tall,51069
Man,Tall,66205
Man,Tall,46365
Man,Tall,47795
Man,Tall,57172
Man,Tall,43948
Man,Tall,45523
Man,Tall,61023
Man,Tall,59488
Man,Tall,55458
Man,Tall,63020
Man,Tall,37208
Man,Tall,49990
Man,Tall,66632
Man,Tall,48916
Man,Tall,61966
Man,Tall,37772
Man,Tall,63472
Man,Tall,51219
Man,Tall,45650
Man,Tall,51100
Man,Tall,60311
Man,Tall,49199
Man,Tall,53106
Man,Tall,62811
Man,Tall,36322
Man,Tall,50515
Man,Tall,48696
Man,Tall,50375
Man,Tall,50912
Man,Tall,46007
Man,Tall,47127
Man,Tall,59278
Man,Tall,47072
Man,Tall,46521
Man,Tall,54157
Man,Tall,45948
Man,Tall,45004
Man,Tall,52541
Man,Tall,65564
Man,Tall,43159
Man,Tall,44234
Man,Tall,63857
Man,Tall,59038
Man,Tall,54594
Man,Tall,50424
Man,Tall,53705
Man,Tall,51047
Man,Tall,57893
Man,Tall,61672
Man,Tall,57909
Man,Tall,51148
Man,Tall,61740
Man,Tall,47472
Man,Tall,60062
Man,Tall,48830
Man,Tall,37492
Man,Tall,52105
Man,Tall,55405
Man,Tall,54348
Man,Tall,54006
Man,Tall,50875
Man,Tall,50450
Man,Tall,49115
Man,Tall,46351
Woman,Short,46048
Woman,Short,39644
Woman,Short,52020
Woman,Short,45400
Woman,Short,33354
Woman,Short,58250
Woman,Short,45477
Woman,Short,44847
Woman,Short,55435
Woman,Short,52672
Woman,Short,56705
Woman,Short,52725
Woman,Short,51584
Woman,Short,42109
Woman,Short,47882
Woman,Short,54360
Woman,Short,55324
Woman,Short,42581
Woman,Short,40352
Woman,Short,52246
Woman,Short,51805
Woman,Short,45551
Woman,Short,50893
Woman,Short,51835
Woman,Short,48755
Woman,Short,58374
Woman,Short,57342
Woman,Short,48971
Woman,Short,43462
Woman,Short,48110
Woman,Short,56421
Woman,Short,51014
Woman,Short,42451
Woman,Short,65267
Woman,Short,55596
Woman,Short,31768
Woman,Short,42370
Woman,Short,50561
Woman,Short,38417
Woman,Short,56957
Woman,Short,62910
Woman,Short,49617
Woman,Short,35196
Woman,Short,46007
Woman,Short,39990
Woman,Short,37126
Woman,Short,49376
Woman,Short,48056
Woman,Short,65671
Woman,Short,65263
Woman,Short,34674
Woman,Short,48209
Woman,Short,44388
Woman,Short,52952
Woman,Short,41861
Woman,Short,54855
Woman,Short,54702
Woman,Short,56290
Woman,Short,47430
Woman,Short,54617
Woman,Short,48494
Woman,Short,55948
Woman,Short,51307
Woman,Short,52902
Woman,Short,53134
Woman,Short,51375
Woman,Short,49472
Woman,Short,49970
Woman,Short,34253
Woman,Short,47700
Woman,Short,45592
Woman,Short,53418
Woman,Short,53636
Woman,Short,52138
Woman,Short,46205
Woman,Short,43495
Woman,Short,54441
Woman,Short,58284
Woman,Short,54025
Woman,Short,45486
Woman,Short,45741
Woman,Short,47458
Woman,Short,44633
Woman,Short,51711
Woman,Short,51159
Woman,Short,50018
Woman,Short,47192
Woman,Short,61346
Woman,Short,46660
Woman,Short,50972
Woman,Short,58961
Woman,Short,51463
Woman,Short,47896
Woman,Short,42672
Woman,Short,52924
Woman,Short,43499
Woman,Short,50527
Woman,Short,43870
Woman,Short,40766
Woman,Short,60504
Woman,Short,39861
Woman,Short,47015
Woman,Short,40249
Woman,Short,35151
Woman,Short,43147
Woman,Short,51836
Woman,Short,52649
Woman,Short,46675
Woman,Short,41092
Woman,Short,53474
Woman,Short,40982
Woman,Short,52553
Woman,Short,42590
Woman,Short,46591
Woman,Short,59125
Woman,Short,42682
Woman,Short,51644
Woman,Short,51478
Woman,Short,48493
Woman,Short,36550
Woman,Short,48204
Woman,Short,49954
Woman,Short,40614
Woman,Short,62841
Woman,Short,58137
Woman,Short,63861
Woman,Short,64705
Woman,Short,61435
Woman,Short,67529
Woman,Short,57481
Woman,Short,46772
Woman,Short,46315
Woman,Short,46004
Woman,Short,53045
Woman,Short,51334
Woman,Short,41530
Woman,Short,47028
Woman,Short,51085
Woman,Short,37557
Woman,Short,50971
Woman,Short,56039
Woman,Short,47702
Woman,Short,42963
Woman,Short,54191
Woman,Short,36853
Woman,Short,41305
Woman,Short,52300
Woman,Short,43691
Woman,Short,50722
Woman,Short,59328
Woman,Short,51014
Woman,Short,40639
Woman,Short,32502
Woman,Short,59698
Woman,Short,35961
Woman,Short,57634
Woman,Short,45875
Woman,Short,41961
Woman,Short,50097
Woman,Short,53309
Woman,Short,38542
Woman,Short,44542
Woman,Short,47295
Woman,Short,58609
Woman,Short,48742
Woman,Short,43735
Woman,Short,56625
Woman,Short,46472
Woman,Short,51213
Woman,Short,42991
Woman,Short,49633
Woman,Short,59296
Woman,Short,53709
Woman,Short,60401
Woman,Short,52175
Woman,Short,41386
Woman,Short,48712
Woman,Short,47077
Woman,Short,47027
Woman,Short,53251
Woman,Short,43598
Woman,Short,52644
Woman,Short,42062
Woman,Short,60801
Woman,Short,35265
Woman,Short,46478
Woman,Short,39358
Woman,Short,53902
Woman,Short,48478
Woman,Short,41963
Woman,Short,45811
Woman,Short,49125
Woman,Short,46226
Woman,Short,63337
Woman,Short,51823
Woman,Short,48650
Woman,Short,66068
Woman,Short,43732
Woman,Short,46493
Woman,Short,47005
Woman,Short,46121
Woman,Short,57792
Woman,Short,52626
Woman,Short,53792
Woman,Short,54347
Woman,Short,19868
Woman,Short,55985
Woman,Short,50441
Woman,Short,62567
Woman,Short,60049
Woman,Short,50584
Woman,Short,56651
Woman,Short,46360
Woman,Short,41189
Woman,Short,45012
Woman,Short,46041
Woman,Short,48132
Woman,Short,61667
Woman,Short,34079
Woman,Short,38375
Woman,Short,57248
Woman,Short,43491
Woman,Short,54653
Woman,Short,55192
Woman,Short,62101
Woman,Short,40221
Woman,Short,37145
Woman,Short,39633
Woman,Short,53762
Woman,Short,45918
Woman,Short,38858
Woman,Short,55006
Woman,Short,60415
Woman,Short,47904
Woman,Short,53523
Woman,Short,50173
Woman,Short,54476
Woman,Short,35686
Woman,Short,48016
Woman,Short,54614
Woman,Short,48810
Woman,Short,35810
Woman,Short,49876
Woman,Short,57450
Woman,Short,44472
Woman,Short,54374
Woman,Short,61546
Woman,Short,47892
Woman,Short,40308
Woman,Short,49833
Woman,Short,57419
Woman,Short,51500
Woman,Short,50817
Woman,Short,54481
Woman,Short,44044
Woman,Short,56026
Woman,Short,37153
Woman,Short,69721
Woman,Short,41011
Woman,Short,34742
Woman,Short,41364
Woman,Short,53382
Woman,Short,53343
Woman,Short,42027
Woman,Short,61276
Woman,Short,51979
Woman,Short,46968
Woman,Short,56974
Woman,Short,36899
Woman,Short,56153
Woman,Short,33046
Woman,Short,36524
Woman,Short,46901
Woman,Short,51757
Woman,Short,41100
Woman,Short,65998
Woman,Short,39728
Woman,Short,46401
Woman,Short,48387
Woman,Short,44072
Woman,Short,44504
Woman,Short,41943
Woman,Short,45365
Woman,Short,53063
Woman,Short,60948
Woman,Short,51561
Woman,Short,50611
Woman,Short,41066
Woman,Short,52243
Woman,Short,57594
Woman,Short,59389
Woman,Short,61250
Woman,Short,53986
Woman,Short,53641
Woman,Short,40584
Woman,Short,56415
Woman,Short,42005
Woman,Short,48592
Woman,Short,48602
Woman,Short,39955
Woman,Short,57247
Woman,Short,43963
Woman,Short,43167
Woman,Short,37215
Woman,Short,46902
Woman,Short,49386
Woman,Short,49606
Woman,Short,58352
Woman,Short,58269
Woman,Short,52513
Woman,Short,60381
Woman,Short,54536
Woman,Short,42565
Woman,Short,50659
Woman,Short,61985
Woman,Short,48245
Woman,Short,57514
Woman,Short,58236
Woman,Short,41748
Woman,Short,51251
Woman,Short,48107
Woman,Short,60013
Woman,Short,49007
Woman,Short,30588
Woman,Short,54465
Woman,Short,53994
Woman,Short,47370
Woman,Short,56787
Woman,Short,57550
Woman,Short,49926
Woman,Short,54494
Woman,Short,47437
Woman,Short,36524
Woman,Short,43472
Woman,Short,61055
Woman,Short,43933
Woman,Short,50336
Woman,Short,40416
Woman,Short,47991
Woman,Short,40430
Woman,Short,51774
Woman,Short,57730
Woman,Short,52354
Woman,Short,41033
Woman,Short,44827
Woman,Short,45913
Woman,Short,54102
Woman,Short,48446
Woman,Short,53136
Woman,Short,58350
Woman,Short,58041
Woman,Short,49203
Woman,Short,49394
Woman,Short,52782
Woman,Short,52542
Woman,Short,38587
Woman,Short,56341
Woman,Short,52382
Woman,Short,44568
Woman,Short,63570
Woman,Short,48626
Woman,Short,48290
Woman,Short,55413
Woman,Short,43630
Woman,Short,55023
Woman,Short,40755
Woman,Short,59794
Woman,Short,34889
Woman,Short,56909
Woman,Short,48112
Woman,Short,62073
Woman,Short,61448
Woman,Short,49127
Woman,Short,50465
Woman,Short,53640
Woman,Short,45521
Woman,Short,46510
Woman,Short,47306
Woman,Short,48248
Woman,Short,41574
Woman,Short,54818
Woman,Short,40726
Woman,Short,49955
Woman,Short,48729
Woman,Short,41363
Woman,Short,31437
Woman,Short,46697
Woman,Short,37547
Woman,Short,29609
Woman,Short,58757
Woman,Short,34130
Woman,Short,52053
Woman,Short,50023
Woman,Short,49494
Woman,Short,45122
Woman,Short,36609
Woman,Short,48704
Woman,Short,37608
Woman,Short,38777
Woman,Short,50949
Woman,Short,39654
Woman,Short,63693
Woman,Short,51417
Woman,Short,35395
Woman,Short,44184
Woman,Short,55298
Woman,Short,52374
Woman,Short,48754
Woman,Short,39660
Woman,Short,54785
Woman,Short,59771
Woman,Short,57001
Woman,Short,42719
Woman,Short,60694
Woman,Short,49407
Woman,Short,48566
Woman,Short,49151
Woman,Short,39623
Woman,Short,34585
Woman,Short,46185
Woman,Short,65488
Woman,Short,51592
Woman,Short,64156
Woman,Short,57090
Woman,Short,62541
Woman,Short,59726
Woman,Short,49998
Woman,Short,44251
Woman,Short,46483
Woman,Short,44184
Woman,Short,43303
Woman,Short,60848
Woman,Short,55788
Woman,Short,45614
Woman,Short,54441
Woman,Short,54528
Woman,Short,44213
Woman,Short,46147
Woman,Short,49724
Woman,Short,58998
Woman,Short,34907
Woman,Short,43014
Woman,Short,60834
Woman,Short,51433
Woman,Short,55841
Woman,Short,54337
Woman,Short,50682
Woman,Short,43350
Woman,Short,48016
Woman,Short,56167
Woman,Short,51688
Woman,Short,57700
Woman,Short,46595
Woman,Short,57293
Woman,Short,53698
Woman,Short,48510
Woman,Short,23633
Woman,Short,56764
Woman,Short,38556
Woman,Short,53098
Woman,Short,47778
Woman,Short,59499
Woman,Short,45613
Woman,Short,57902
Woman,Short,59930
Woman,Short,50212
Woman,Short,48608
Woman,Short,56626
Woman,Short,37025
Woman,Short,55312
Woman,Short,47714
Woman,Short,44524
Woman,Short,36064
Woman,Short,53587
Woman,Short,51781
Woman,Short,53391
Woman,Short,40520
Woman,Short,59083
Woman,Short,66584
Woman,Short,41039
Woman,Short,51631
Woman,Short,40575
Woman,Short,39838
Woman,Short,55604
Woman,Short,46093
Woman,Short,37130
Woman,Short,53383
Woman,Short,40364
Woman,Short,55671
Woman,Short,58936
Woman,Short,55816
Woman,Short,47750
Woman,Short,30054
Woman,Short,45419
Woman,Short,65619
Woman,Short,47594
Woman,Short,57822
Woman,Short,45160
Woman,Short,50165
Woman,Short,39448
Woman,Short,56118
Woman,Short,43121
Woman,Short,54004
Woman,Short,42892
Woman,Short,58430
Woman,Short,55275
Woman,Short,51360
Woman,Short,54569
Woman,Short,41011
Woman,Short,43135
Woman,Short,32719
Woman,Short,40175
Woman,Short,48108
Woman,Short,57817
Woman,Short,47211
Woman,Short,51314
Woman,Short,60578
Woman,Short,36176
Woman,Short,48317
Woman,Short,48179
Woman,Short,54599
Woman,Short,35098
Woman,Short,42080
Woman,Short,46395
Woman,Short,48074
Woman,Short,57063
Woman,Short,45942
Woman,Short,58304
Woman,Short,39933
Woman,Short,45219
Woman,Short,50782
Woman,Short,54544
Woman,Short,45247
Woman,Short,41373
Woman,Short,61184
Woman,Short,54116
Woman,Short,55026
Woman,Short,42336
Woman,Short,45367
Woman,Short,50374
Woman,Short,42679
Woman,Short,45493
Woman,Short,36826
Woman,Short,41735
Woman,Short,63954
Woman,Short,48860
Woman,Short,50411
Woman,Short,50343
Woman,Short,39089
Woman,Short,42827
Woman,Short,51600
Woman,Short,64249
Woman,Short,50514
Woman,Short,58326
Woman,Short,46451
Woman,Short,50928
Woman,Short,49458
Woman,Short,61643
Woman,Short,45157
Woman,Short,47474
Woman,Short,48318
Woman,Short,38143
Woman,Short,55135
Woman,Short,39058
Woman,Short,54925
Woman,Short,53103
Woman,Short,61096
Woman,Short,48858
Woman,Short,55424
Woman,Short,48821
Woman,Short,33841
Woman,Short,44125
Woman,Short,47711
Woman,Short,51196
Woman,Short,60782
Woman,Short,46342
Woman,Short,47277
Woman,Short,60959
Woman,Short,53446
Woman,Short,54076
Woman,Short,51511
Woman,Short,45799
Woman,Short,39380
Woman,Short,56847
Woman,Short,40055
Woman,Short,39828
Woman,Short,53580
Woman,Short,63400
Woman,Short,56707
Woman,Short,42992
Woman,Short,46716
Woman,Short,33446
Woman,Short,54368
Woman,Short,57259
Woman,Short,35083
Woman,Short,39422
Woman,Short,57096
Woman,Short,55678
Woman,Short,41653
Woman,Short,38787
Woman,Short,38670
Woman,Short,47172
Woman,Short,50676
Woman,Short,52455
Woman,Short,38576
Woman,Short,47382
Woman,Short,57603
Woman,Short,49443
Woman,Short,55845
Woman,Short,53077
Woman,Short,41194
Woman,Short,65991
Woman,Short,43817
Woman,Short,47536
Woman,Short,45433
Woman,Short,53702
Woman,Short,59545
Woman,Short,44599
Woman,Short,37126
Woman,Short,48200
Woman,Short,58374
Woman,Short,43481
Woman,Short,49136
Woman,Short,55973
Woman,Short,40459
Woman,Short,52207
Woman,Short,44752
Woman,Short,61967
Woman,Short,48734
Woman,Short,57471
Woman,Short,46155
Woman,Short,42222
Woman,Short,51537
Woman,Short,51537
Woman,Short,37426
Woman,Short,47007
Woman,Short,53837
Woman,Short,56233
Woman,Short,37348
Woman,Short,47270
Woman,Short,49529
Woman,Short,46139
Woman,Short,43239
Woman,Short,60258
Woman,Short,50941
Woman,Short,54138
Woman,Short,46048
Woman,Short,45133
Woman,Short,51491
Woman,Short,38013
Woman,Short,46243
Woman,Short,51563
Woman,Short,47881
Woman,Short,43291
Woman,Short,51004
Woman,Short,39068
Woman,Short,55365
Woman,Short,58241
Woman,Short,43859
Woman,Short,48165
Woman,Short,52103
Woman,Short,41800
Woman,Short,41943
Woman,Short,36717
Woman,Short,44285
Woman,Short,48722
Woman,Short,52657
Woman,Short,46313
Woman,Short,50222
Woman,Short,41729
Woman,Short,40918
Woman,Short,50414
Woman,Short,38892
Woman,Short,54243
Woman,Short,48518
Woman,Short,45198
Woman,Short,36703
Woman,Short,41953
Woman,Short,42134
Woman,Short,54384
Woman,Short,53302
Woman,Short,46893
Woman,Short,53164
Woman,Short,45370
Woman,Short,45129
Woman,Short,45986
Woman,Short,52966
Woman,Short,49768
Woman,Short,52156
Woman,Short,51088
Woman,Short,52092
Woman,Short,35440
Woman,Short,63258
Woman,Short,52976
Woman,Short,50330
Woman,Short,54050
Woman,Short,61770
Woman,Short,66192
Woman,Short,45438
Woman,Short,52654
Woman,Short,51545
Woman,Short,51384
Woman,Short,38282
Woman,Short,41689
Woman,Short,51086
Woman,Short,36868
Woman,Short,55196
Woman,Short,55493
Woman,Short,46618
Woman,Short,54544
Woman,Short,60979
Woman,Short,43611
Woman,Short,53631
Woman,Short,49566
Woman,Short,49589
Woman,Short,35958
Woman,Short,49122
Woman,Short,55767
Woman,Short,57279
Woman,Short,49831
Woman,Short,32926
Woman,Short,41252
Woman,Short,56513
Woman,Short,41418
Woman,Short,56868
Woman,Short,63848
Woman,Short,39265
Woman,Short,58338
Woman,Short,45259
Woman,Short,46227
Woman,Short,41989
Woman,Short,41858
Woman,Short,58884
Woman,Short,48560
Woman,Short,50799
Woman,Short,51062
Woman,Short,32728
Woman,Short,64085
Woman,Short,65872
Woman,Short,58177
Woman,Short,36283
Woman,Short,48924
Woman,Short,51787
Woman,Short,48729
Woman,Short,42676
Woman,Short,37877
Woman,Short,50129
Woman,Short,56605
Woman,Short,52378
Woman,Short,55589
Man,Short,42551
Man,Short,52764
Man,Short,45690
Man,Short,42665
Man,Short,44668
Man,Short,45734
Man,Short,46124
Man,Short,44864
Man,Short,32753
Man,Short,60255
Man,Short,59801
Man,Short,42895
Man,Short,37066
Man,Short,60098
Man,Short,34351
Man,Short,46846
Man,Short,37289
Man,Short,41303
Man,Short,57889
Man,Short,46861
Man,Short,42790
Man,Short,50501
Man,Short,45281
Man,Short,42981
Man,Short,62901
Man,Short,52689
Man,Short,47631
Man,Short,53592
Man,Short,48838
Man,Short,43737
Man,Short,54711
Man,Short,50492
Man,Short,35865
Man,Short,58481
Man,Short,48355
Man,Short,43059
Man,Short,55119
Man,Short,39939
Man,Short,52995
Man,Short,57035
Man,Short,49900
Man,Short,44585
Man,Short,44141
Man,Short,42639
Man,Short,46506
Man,Short,37636
Man,Short,50343
Man,Short,42577
Man,Short,50621
Man,Short,27706
Man,Short,34490
Man,Short,36406
Man,Short,55574
Man,Short,54301
Man,Short,55030
Man,Short,42645
Man,Short,38824
Man,Short,62872
Man,Short,47517
Man,Short,47148
Man,Short,45510
Man,Short,41523
Man,Short,35848
Man,Short,45009
Man,Short,59208
Man,Short,47535
Man,Short,52466
Man,Short,56469
Man,Short,45360
Man,Short,44429
Man,Short,40194
Man,Short,49133
Man,Short,47392
Man,Short,52795
Man,Short,46346
Man,Short,41806
Man,Short,47435
Man,Short,44340
Man,Short,39507
Man,Short,53107
Man,Short,38669
Man,Short,33661
Man,Short,63121
Man,Short,59790
Man,Short,39386
Man,Short,46848
Man,Short,38488
Man,Short,49390
Man,Short,55106
Man,Short,41605
Man,Short,48275
Man,Short,45311
Man,Short,42317
Man,Short,42572
Man,Short,50605
Man,Short,37906
Man,Short,30111
Man,Short,36013
Man,Short,43730
Man,Short,55284
Man,Short,49646
Man,Short,46469
Man,Short,58321
Man,Short,44671
Man,Short,41098
Man,Short,49907
Man,Short,47974
Man,Short,46977
Man,Short,48128
Man,Short,40205
Man,Short,38747
Man,Short,54961
Man,Short,33454
Man,Short,38333
Man,Short,44238
Man,Short,46656
Man,Short,47308
Man,Short,48809
Man,Short,55688
Man,Short,40659
Man,Short,32443
Man,Short,44248
Man,Short,52404
Man,Short,41852
Man,Short,52026
Man,Short,45040
Man,Short,43143
Man,Short,49850
Man,Short,41798
Man,Short,35628
Man,Short,34787
Man,Short,53224
Man,Short,43448
Man,Short,45553
Man,Short,46798
Man,Short,51933
Man,Short,40904
Man,Short,51084
Man,Short,49290
Man,Short,62359
Man,Short,39478
Man,Short,37371
Man,Short,34385
Man,Short,38609
Man,Short,45147
Man,Short,32782
Man,Short,50647
Man,Short,45692
Man,Short,41687
Man,Short,53119
Man,Short,40927
Man,Short,49091
Man,Short,57706
Man,Short,47614
Man,Short,51053
Man,Short,49987
Man,Short,48729
Man,Short,53679
Man,Short,42060
Man,Short,63413
Man,Short,38584
Man,Short,50202
Man,Short,39479
Man,Short,53941
Man,Short,49484
Man,Short,39022
Man,Short,44324
Man,Short,56592
Man,Short,56439
Man,Short,45755
Man,Short,44654
Man,Short,44598
Man,Short,49064
Man,Short,46037
Man,Short,53784
Man,Short,55664
Man,Short,36877
Man,Short,31974
Man,Short,45754
Man,Short,56760
Man,Short,54024
Man,Short,58547
Man,Short,51184
Man,Short,28966
Man,Short,45659
Man,Short,53134
Man,Short,54874
Man,Short,44449
Man,Short,47600
Man,Short,48259
Man,Short,39811
Man,Short,49613
Man,Short,47452
Man,Short,40318
Man,Short,54709
Man,Short,40566
Man,Short,41191
Man,Short,44319
Man,Short,53107
Man,Short,44407
Man,Short,57160
Man,Short,50455
Man,Short,47657
Man,Short,46705
Man,Short,46668
Man,Short,52904
Man,Short,40058
Man,Short,55182
Man,Short,43373
Man,Short,44244
Man,Short,44645
Man,Short,60675
Man,Short,36363
Man,Short,45707
Man,Short,48680
Man,Short,43923
Man,Short,57844
Man,Short,67161
Man,Short,44741
Man,Short,48914
Man,Short,48389
Man,Short,50448
Man,Short,66572
Man,Short,48420
Man,Short,45565
Man,Short,51142
Man,Short,48524
Man,Short,42983
Man,Short,39885
Man,Short,46769
Man,Short,40551
Man,Short,38985
Man,Short,39179
Man,Short,48391
Man,Short,48501
Man,Short,39679
Man,Short,39225
Man,Short,41726
Man,Short,38607
Man,Short,32834
Man,Short,41987
Man,Short,26477
Man,Short,45396
Man,Short,52424
Man,Short,45464
Man,Short,55337
Man,Short,58497
Man,Short,45524
Man,Short,49737
Man,Short,39304
Man,Short,47330
Man,Short,45775
Man,Short,49472
Man,Short,45281
Man,Short,41017
Man,Short,28206
Man,Short,57951
Man,Short,40203
Man,Short,42565
Man,Short,64183
Man,Short,47308
Man,Short,42693
Man,Short,56532
Man,Short,42016
Man,Short,49986
Man,Short,38358
Man,Short,33661
Man,Short,42083
Man,Short,42775
Man,Short,43094
Man,Short,35300
Man,Short,49926
Man,Short,47120
Man,Short,55686
Man,Short,37114
Man,Short,43051
Man,Short,38798
Man,Short,55445
Man,Short,53364
Man,Short,48e3
Man,Short,35779
Man,Short,41405
Man,Short,38424
Man,Short,47465
Man,Short,54504
Man,Short,47176
Man,Short,46766
Man,Short,44474
Man,Short,42383
Man,Short,47020
Man,Short,56343
Man,Short,35310
Man,Short,42562
Man,Short,48327
Man,Short,41929
Man,Short,47376
Man,Short,42579
Man,Short,43918
Man,Short,46080
Man,Short,39062
Man,Short,40529
Man,Short,43004
Man,Short,46812
Man,Short,40584
Man,Short,52621
Man,Short,39508
Man,Short,44595
Man,Short,53975
Man,Short,39329
Man,Short,43659
Man,Short,57318
Man,Short,36355
Man,Short,40367
Man,Short,41993
Man,Short,37161
Man,Short,62080
Man,Short,40952
Man,Short,52195
Man,Short,37901
Man,Short,35789
Man,Short,39484
Man,Short,50194
Man,Short,38037
Man,Short,33741
Man,Short,51488
Man,Short,35332
Man,Short,41334
Man,Short,41384
Man,Short,52664
Man,Short,44621
Man,Short,34945
Man,Short,57536
Man,Short,44781
Man,Short,43638
Man,Short,41124
Man,Short,47442
Man,Short,51065
Man,Short,28732
Man,Short,37342
Man,Short,34731
Man,Short,46718
Man,Short,58137
Man,Short,44773
Man,Short,43432
Man,Short,37356
Man,Short,33603
Man,Short,52273
Man,Short,34430
Man,Short,47110
Man,Short,43544
Man,Short,33805
Man,Short,50856
Man,Short,54434
Man,Short,49387
Man,Short,50688
Man,Short,45406
Man,Short,42643
Man,Short,41202
Man,Short,68657
Man,Short,44387
Man,Short,43142
Man,Short,47440
Man,Short,44282
Man,Short,42153
Man,Short,40923
Man,Short,51874
Man,Short,41811
Man,Short,42633
Man,Short,49871
Man,Short,34395
Man,Short,40116
Man,Short,44037
Man,Short,39860
Man,Short,45123
Man,Short,41312
Man,Short,53589
Man,Short,44900
Man,Short,51793
Man,Short,55635
Man,Short,42473
Man,Short,35784
Man,Short,56457
Man,Short,39825
Man,Short,34788
Man,Short,41487
Man,Short,43610
Man,Short,37591
Man,Short,59412
Man,Short,56109
Man,Short,53112
Man,Short,47118
Man,Short,36368
Man,Short,35246
Man,Short,43442
Man,Short,38031
Man,Short,39907
Man,Short,39099
Man,Short,52437
Man,Short,47721
Man,Short,42529
Man,Short,42525
Man,Short,46105
Man,Short,41714
Man,Short,43087
Man,Short,37924
Man,Short,53786
Man,Short,43377
Man,Short,48780
Man,Short,64257
Man,Short,42753
Man,Short,47861
Man,Short,43992
Man,Short,53056
Man,Short,44112
Man,Short,42050
Man,Short,47328
Man,Short,45156
Man,Short,46269
Man,Short,33409
Man,Short,53083
Man,Short,41612
Man,Short,39523
Man,Short,39467
Man,Short,32580
Man,Short,46252
Man,Short,37415
Man,Short,63361
Man,Short,43119
Man,Short,44929
Man,Short,66139
Man,Short,55171
Man,Short,39448
Man,Short,40024
Man,Short,55496
Man,Short,40562
Man,Short,43785
Man,Short,47700
Man,Short,41681
Man,Short,37055
Man,Short,49069
Man,Short,47921
Man,Short,55509
Man,Short,46330
Man,Short,40900
Man,Short,49961
Man,Short,52898
Man,Short,44915
Man,Short,48871
Man,Short,60451
Man,Short,34932
Man,Short,44814
Man,Short,41543
Man,Short,63236
Man,Short,50938
Man,Short,38378
Man,Short,51842
Man,Short,41176
Man,Short,57930
Man,Short,40391
Man,Short,41577
Man,Short,44690
Man,Short,43961
Man,Short,45015
Man,Short,55529
Man,Short,44376
Man,Short,42205
Man,Short,51974
Man,Short,40462
Man,Short,39101
Man,Short,43581
Man,Short,31424
Man,Short,40417
Man,Short,32916
Man,Short,41307
Man,Short,41427
Man,Short,52029
Man,Short,43127
Man,Short,34203
Man,Short,56679
Man,Short,54663
Man,Short,45074
Man,Short,47293
Man,Short,35667
Man,Short,45507
Man,Short,45662
Man,Short,46774
Man,Short,45094
Man,Short,52727
Man,Short,44417
Man,Short,28205
Man,Short,49706
Man,Short,42192
Man,Short,46338
Man,Short,50461
Man,Short,35975
Man,Short,48852
Man,Short,51284
Man,Short,45174
Man,Short,29402
Man,Short,44498
Man,Short,49100
Man,Short,44181
Man,Short,38864
Man,Short,32589
Man,Short,43610
Man,Short,42830
Man,Short,45033
Man,Short,40138
Man,Short,43594
Man,Short,44865
Man,Short,70461
Man,Short,40512
Man,Short,58887
Man,Short,47745
Man,Short,43984
Man,Short,41908
Man,Short,45118
Man,Short,57368
Man,Short,58173
Man,Short,55895
Man,Short,46504
Man,Short,56004
Man,Short,44646
Man,Short,35035
Man,Short,52736
Man,Short,38510
Man,Short,37466
Man,Short,43319
Man,Short,50997
Man,Short,58701
Man,Short,54459
Man,Short,41859
Man,Short,56381
Man,Short,39793
Man,Short,40780
Man,Short,31152
Man,Short,41497
Man,Short,37181
Man,Short,60137
Man,Short,37707
Man,Short,32601
Man,Short,48459
Man,Short,39462
Man,Short,33910
Man,Short,44745
Man,Short,61289
Man,Short,46435
Man,Short,48852
Man,Short,49078
Man,Short,48944
Man,Short,44485
Man,Short,54719
Man,Short,46437
Man,Short,47467
Man,Short,46689
Man,Short,46445
Man,Short,40972
Man,Short,50347
Man,Short,45263
Man,Short,47914
Man,Short,30524
Man,Short,45853
Man,Short,52663
Man,Short,48588
Man,Short,56988
Man,Short,51526
Man,Short,40309
Man,Short,45653
Man,Short,60772
Man,Short,52490
Man,Short,57130
Man,Short,49449
Man,Short,45485
Man,Short,45281
Man,Short,40969
Man,Short,44320
Man,Short,45398
Man,Short,34335
Man,Short,47481
Man,Short,46078
Man,Short,55489
Man,Short,51381
Man,Short,44263
Man,Short,42230
Man,Short,30469
Man,Short,44617
Man,Short,37969
Man,Short,31190
Man,Short,48359
Man,Short,52173
Man,Short,46075
Man,Short,40324
Man,Short,49702
Man,Short,45541
Man,Short,42391
Man,Short,40658
Man,Short,46293
Man,Short,44114
Man,Short,51093
Man,Short,34615
Man,Short,36749
Man,Short,52929
Man,Short,38810
Man,Short,58827
Man,Short,40724
Man,Short,29992
Man,Short,38518
Man,Short,46324
Man,Short,53952
Man,Short,48876
Man,Short,39460
Man,Short,43540
Man,Short,46963
Man,Short,46249
Man,Short,42546
Man,Short,37109
Man,Short,42505
Man,Short,45560
Man,Short,43568
Man,Short,44884
Man,Short,54311
Man,Short,47119
Man,Short,59216
Man,Short,49089
Man,Short,45565
Man,Short,48308
Man,Short,41577
Man,Short,38415
Man,Short,46801
Man,Short,46718
Man,Short,53264
Man,Short,54142
Man,Short,44038
Man,Short,48526
Man,Short,55034
Man,Short,30449
Man,Short,41601
Man,Short,37787
Man,Short,50556
Man,Short,47222
Man,Short,40033
Man,Short,35650
Man,Short,52300
Man,Short,41825
Man,Short,49018
Man,Short,45686
Man,Short,47271
Man,Short,57604
Man,Short,64620
Man,Short,31277
Man,Short,48946
Man,Short,50345
Man,Short,49819
Man,Short,52439
Man,Short,52295
Man,Short,52494
Man,Short,39998
Man,Short,41517
Man,Short,52985
Man,Short,41922
Man,Short,54978
Man,Short,39685
Man,Short,41532
Man,Short,49511
Man,Short,63329
Man,Short,52445
Man,Short,47250
Man,Short,36771
Man,Short,40439
Man,Short,42126
Man,Short,39084
Man,Short,52943
Man,Short,56537
Man,Short,53697
Man,Short,50571
Man,Short,34417
Man,Short,48403
Man,Short,48109
Man,Short,39034
Man,Short,46847
Man,Short,56569
Man,Short,51961
Man,Short,67616
Man,Short,61693
Man,Short,45909
Man,Short,33356
Man,Short,49164
Man,Short,52529
Man,Short,52760
Man,Short,41159
Man,Short,36819
Man,Short,47478
Man,Short,38670
Man,Short,45557
Man,Short,46679
Man,Short,46960
Man,Short,55993
Man,Short,42513
Man,Short,47139
Man,Short,49403
Man,Short,37801
Man,Short,45384
Man,Short,55543
Man,Short,56690
Man,Short,45404
Man,Short,47128
Man,Short,37679
Man,Short,42457
Man,Short,57518
Man,Short,50116
Man,Short,48971
Man,Short,39342
Man,Short,30721
Man,Short,51429
Man,Short,49818
Man,Short,43989
Man,Short,45455
Man,Short,52594
Man,Short,52849
Man,Short,59914
Man,Short,52501
Man,Short,58549
Man,Short,50575
Man,Short,39073
Man,Short,56749
Man,Short,36385
Man,Short,39648
Man,Short,49842
Man,Short,51751
Man,Short,60181
Man,Short,49398
Man,Short,41861
Man,Short,33426
Man,Short,45794
Man,Short,45457
Man,Short,56270
Man,Short,52919
Man,Short,53654
Man,Short,45736
Man,Short,55265
Man,Short,47391
Man,Short,53593
Man,Short,37537
Man,Short,44791
Man,Short,40967
Man,Short,31507
Man,Short,55198
Man,Short,49778
Man,Short,52738
Man,Short,48906
